id,label,tag,pr
0,程维藩,7,0.05451815313165537
1,鲁坤,3,0.6437586538081532
2,褚万春,11,0.0806701741241489
3,笑脸鬼,10,0.11780167784288365
4,寿南山,12,0.08991138418004173
5,梅剑和,13,1.9422950348777126
6,吕葆中,7,0.02678473611499791
7,慧观,4,0.20043952360806858
8,小翠,11,0.1986434980015573
9,索额图,7,1.8708882191696214
10,教书先生,3,0.12603192993924128
11,白脸人,13,0.06348283046854805
12,血刀老祖,3,1.0252988822085296
13,博尔忽,5,0.4314368411213811
14,贺老三,12,0.06430299902236553
15,常金鹏,12,0.41928306471700105
16,韩小莹,5,2.0809633500229205
17,段延庆,4,2.7457210464693746
19,梁子翁,5,1.5699762870029736
18,定静师太,8,0.7974274518478354
20,汪万翼,11,0.2115536795003251
21,祖大寿,13,0.23353510307405007
22,张一氓,5,0.11768611199908265
23,白世镜,4,0.7796327985952732
24,顾炎武,7,0.7954717728629919
25,桑结,7,1.3557704222209435
26,商老太,1,1.7804080383082057
27,崔绿华,4,0.09731521067399945
28,大癫,9,0.257741031099549
29,静玄师太,12,0.3706073384993614
30,忽伦三虎,9,0.02986469212894536
31,冲虚,8,2.6197861652637324
32,马大鸣,3,0.21955452874304165
33,沙通天,5,1.9525454999480605
34,狮鼻子,4,0.01156299966111093
35,何思豪,1,0.33987171359654705
36,玉如意,9,0.27278856097305876
37,叶长青,12,0.027065578262653777
38,史镖头,8,0.45630100189778855
39,阿紫,4,4.192492989996331
40,易大彪,4,0.27351058136696343
41,子聪,10,0.1039325734795138
42,薛鹊,1,0.8046102094678786
43,曲三,5,0.1020566516865034
44,丛不弃,8,0.08274213399482284
45,东方不败,8,2.56709515162002
46,天狼子,4,0.036381949281530004
47,陈家洛,9,11.398613716306745
50,沈青刚,5,0.11866233876639787
49,李西华,7,0.6586352393619397
48,王老六,1,0.028937953696464798
51,安剑清,13,0.17035966085893353
52,穆贵妃,4,0.08785566813890651
55,小龙女,10,8.22564423333611
54,童子,5,0.757524665854715
53,褚轰,1,0.08131511858655835
57,侍剑,11,0.3929569041447812
56,侯通海,5,1.3691810433179865
58,唐六爷,9,0.06005797842830986
59,黑熊,8,0.26965693251379047
60,补锅匠,1,0.23779104347285707
61,薛公远,12,0.463098175507347
62,杨莲亭,8,0.804052221216774
63,温方达,13,1.291547585958778
64,邝天雄,7,0.14804306220012495
65,葛长老,8,0.14229711770931544
66,元悲,9,0.11632404590889779
67,南怀仁,7,0.23501103184020433
68,郑萼,8,1.0102988900498886
70,店伴,12,0.8347165873186185
69,冯默风,10,0.24782261645846987
71,李文秀,6,2.0369320637703816
72,白二,7,1.085655261192664
73,范百龄,4,0.6329752754390174
75,殷梨亭,12,4.087060654592585
74,宋献策,13,0.12295921952871622
76,简管家,5,0.12617982906893924
77,徐达,12,1.1220494325724608
78,博尔术,5,0.5095900524023179
79,蕊初,7,0.14699401715015892
80,司空玄,4,0.7241880526313544
81,舒化龙,7,0.10006426821972655
82,姚清泉,12,0.23940177358180484
83,秦耐之,1,0.7406811419925102
84,江百胜,7,0.013433604836594615
85,丹青生,8,1.3337567978023674
86,方人智,8,0.4357537673363512
87,阿凡提,9,0.6639476047154522
89,渡厄,12,1.1287125491520915
88,神音,4,0.09646157730054622
90,耶律楚材,10,0.13590602012952158
91,齐自勉,11,0.5406494644635679
92,殷吉,2,0.4733085455589937
93,韩文冲,9,1.0276193938856903
94,行痴,7,0.8690967699932847
95,焦宛儿,13,2.2190217581517304
96,成高道人,8,0.011430309482353927
97,麻衣汉子,8,0.02245580351182836
98,古笃诚,4,0.5574009402661102
99,赵半山,9,5.842419949256761
100,吉人通,8,0.12149983622755958
101,乐厚,8,0.29348158488102544
102,刘培生,13,0.9096746625125741
103,书僮,9,0.608236833434168
104,徐天宏,9,7.0671849153231046
105,龚光杰,4,0.1256617530946608
106,骆冰,9,7.281461880231926
107,郑七灭,12,0.055788328606442505
108,葛光佩,4,0.05631052582285518
109,瘦丐,5,0.13947239350189303
110,陆天抒,3,0.29988195613034685
111,元伤,9,0.11632404590889779
112,马齐,9,0.19725069457065317
113,孟铮,13,0.3130601250837924
114,邱山风,11,0.022715438368769728
115,岑其斯,13,0.1557048689858925
116,张君宝,10,0.5660631952186836
117,马大挺,9,0.3605813787716563
118,孟伯飞,13,0.7442650447859797
119,冯辉,9,0.26802877692349597
120,迟玄,9,0.1731426300552924
121,白龟寿,12,0.5371308345639009
122,彭长老,5,0.39638751647708004
123,呼延万善,11,0.34523251868379723
124,全金发,5,1.772264710154854
125,刘芹,8,0.016533453478112022
126,杰书,7,0.16535724301885396
127,费要多罗,7,0.5692216815185746
128,孟铸,13,0.1975993004575029
129,不平道人,4,0.7581260442039839
130,刘之余,1,0.057526649124344006
131,张三,11,1.7242596320241819
132,多隆,7,1.3156262937835952
133,吴光胜,4,0.1938271186051012
134,李万山,11,0.007944544018330843
135,俱明宝树王,12,0.02351229608115734
136,卜泰,12,0.04746816612398603
137,潘天耕,10,0.1742313104720824
138,仪清,8,1.6694613014668616
139,李自成,7,1.993982383473176
140,点苍渔隐,10,0.14274599458117132
141,谢烟客,11,1.5224604015336358
142,澄识,7,0.08645686652837832
143,兰剑,4,0.45426313511698546
144,施琅,7,1.8904257364278163
145,执法长老,12,1.2473952733334281
146,汪浩天,9,0.1661475314339222
147,宋青书,12,2.2576099542710244
148,崔百胜,1,0.028236409129778338
149,袁枚,9,0.058703012213771825
150,王进宝,7,0.7659828264178861
151,本因,4,0.6303877279333197
152,丘处机,5,5.192223742220006
153,乌老大,4,1.5903917357797588
154,胡大哥,1,1.5784758868193698
155,水福,3,0.020023399478072988
156,尹章垓,9,0.03252395659956655
157,龙岛主,11,0.49278588253533595
158,苏辙,7,0.013252978890481968
159,符敏仪,4,0.14340872536840538
160,卫周祚,7,0.020258198128485394
161,郑三娘,2,0.34982462549627924
162,孟正鸿,12,0.08779976219936556
163,张九,1,0.3162290234551207
164,梅良鸣,9,0.1872791673094121
165,李春来,4,0.06671592243631436
166,聋哑婆婆,8,0.05487037182142939
167,郭破虏,10,0.17808504565059974
168,上官,8,1.2042506068795809
169,张中,12,0.14365925118031617
170,谭处端,5,0.66340954577649
171,煞神鬼,10,0.03491532399680644
172,纳斯尔丁,9,0.07923807087921271
173,周颠,12,2.774712521257929
174,钟志灵,7,0.01966820613659248
175,哑婆婆,8,0.26464796198599827
176,周绮,9,5.22453810525492
177,王夫人,4,1.7853045627042894
178,王八衰,12,0.05578832860644252
179,宗维侠,12,0.5414135589508738
180,玄生,4,0.41340294513712345
181,空性,12,1.2332344401522455
182,袁承志,13,14.634726024108785
183,天镜,9,0.5494205094972181
184,木桑道长,13,0.3245605760627697
185,单季山,4,0.05548072467839481
186,焦公礼,13,1.4589375121784172
187,甘宝宝,4,0.8051848810575161
188,李式开,7,0.02706532307125613
189,米思翰,7,0.020117425586586656
190,哈大霸,4,0.10387215847543127
191,天竺僧人,5,0.09610821911643205
192,吴柏英,8,0.03834218329421153
194,施令威,8,0.2568923681959331
193,鹿清笃,10,0.30115230247232533
195,卜沉,8,0.09223965736277609
196,沐剑屏,7,2.805268604508015
197,史秉文,13,0.12008990455446507
199,心砚,9,4.20130868730292
198,丁同,6,0.07523767019519184
201,史登达,8,0.21037823479557727
200,西华子,12,0.6477768929759341
202,常胜宝树王,12,0.012296583711211818
204,张二叔,10,0.00695324413751137
203,辛双清,4,0.22460512614088032
205,任我行,8,3.9246235734078128
206,努儿海,4,0.15090594310766436
207,贝海石,11,1.7885469099069584
208,梅芳姑,11,0.3011038822668994
210,小虹,12,0.03208806338251713
209,赵志敬,10,2.2712871730796076
212,范骅,4,1.1845479151826321
211,马宝,7,0.15488683026448696
214,公冶乾,4,1.990704923667957
213,传功长老,12,0.9227690494801738
215,苏梦清,12,0.01580677569943718
217,玄寂,4,0.9109249099636597
216,樊一翁,10,0.6163723063725871
219,天虚,11,0.5222580076073671
218,静迦,12,0.0883764402722859
220,卓不凡,4,0.30375698932051587
221,桑三娘,8,0.13712400458159274
223,任通武,1,0.09521135959130618
222,余沧海,8,3.218814485838048
225,万大平,8,0.03354022806952921
224,花云,12,0.28436991536504697
226,麦鲸,12,0.18015498822322548
228,孙刚峰,1,0.5032861606980612
227,小沙弥,5,0.24911674511563792
229,渡难,12,0.8087065141090656
230,程灵素,1,5.2908841788121865
232,方证,8,3.5358483680004547
231,姜铁山,1,0.5080071023261444
233,西门观止,5,0.005683396982723917
234,白寒枫,7,1.341358561647527
237,耶律齐,10,1.5870640580236108
236,范一飞,11,0.853179316445075
235,辛国梁,8,0.2988881029215901
238,哈赤大师,1,0.05742216989310889
239,倪不小,1,0.2808873387754473
240,陈正德,9,1.554693870700884
241,朱聪,5,3.222827904449832
242,曹化淳,13,0.8821512643980444
244,瑞婆婆,4,0.37919416421572055
243,蓝秦,1,0.13805301178618284
246,劳太监,7,0.006706920789985193
245,圣因师太,5,0.11769115887687501
249,乔福,12,0.08915464289865208
248,吴应熊,7,2.443003453159427
247,天虹禅师,9,0.10047651991901227
250,琴儿,1,0.17430881264863812
252,孙大善,9,0.14127767648885983
251,宁中则,8,0.09372574604531403
253,掌钵龙头,12,0.6232698252656697
255,沈城,3,0.5432717646477452
254,崔瞎子,7,0.12594775670894248
256,苏鲁克,6,1.5083893366642402
257,成璜,9,0.91911846888969
258,照虚,11,0.2422134674017167
260,渡劫,12,0.8732887284033859
259,神照上人,7,0.006655554351803724
261,孙克通,9,0.104438447126015
262,郭襄,10,4.085737612700983
264,太虚子,12,0.010579534648778886
263,韦小宝,7,38.18162709894952
265,武敦儒,10,0.9296181013350251
266,邝宝官,1,0.0069624093625407805
268,单伯山,4,0.0860735879963093
267,范中恩,9,0.2646948526734642
269,封坛主,12,0.11132643083295996
270,苗若兰,1,1.0330618829196567
271,舒奇,8,0.110511901134724
273,常敬之,12,0.239187023746425
272,九难,7,1.5535936747109647
274,蓝天和,10,0.057021267218587204
276,哲罗星,4,0.590358239260581
275,贾人达,8,0.20773170058532292
277,完颜洪烈,5,2.5990812797681713
278,白万剑,11,3.8150738119422902
279,廖自砺,11,0.41228523951905693
280,汤和,12,0.5649320160634377
283,温方山,13,1.0780033865596212
282,胡斐,1,13.206510337516459
281,钟镇,8,0.549016062683658
284,花剑影,14,0.2767692033492475
285,司徒雷,1,0.020775840419078383
286,侯人英,8,0.22732446957458977
287,贝锦仪,12,0.34184876812989584
288,言达平,3,0.7676644979857311
289,苏星河,4,1.748155546546565
292,殷锦,7,0.24794454404712604
291,应松,13,0.6222440226979497
290,孙婆婆,10,0.8016951127286349
293,欧阳公政,1,0.10837957213139568
296,米为义,8,0.20997631953186716
295,蒋天寿,9,0.14051721643708098
294,郑板桥,9,0.045408272725070725
297,吴六奇,7,1.7586821985435328
298,绿竹翁,8,0.7580840204809544
299,晴画,9,0.030587946925057983
300,成昆,12,1.774872482358371
303,史小翠,11,0.16909761284204333
302,丁春秋,4,3.7998833918227564
301,章进,9,4.539890192911386
304,德成,12,0.03739036905853395
305,水云道人,13,0.1939277038188734
306,白寒松,7,0.46678807831494135
308,武三娘,10,0.2723183224821598
307,宗赞王子,4,0.10894484025384467
309,玄痛,4,0.5595802262580446
310,天竺僧,10,0.33102255700791144
311,韩无垢,5,0.05804894078094498
313,郭啸天,5,0.568661876699597
312,霍青桐,9,4.301816557621457
316,止清,4,0.2739282241805785
315,柳燕,7,0.38165181968019307
314,南兰,1,0.2220780223249737
317,白振,9,1.273870200024855
318,平旺先,9,0.14419869703660845
321,张春九,13,0.223890314343765
320,冷谦,12,0.5298142944464369
319,陆高轩,7,1.4666106171364464
322,朱元璋,12,1.2190165958562964
323,石嫂,4,0.1869562745464043
324,忽伦大虎,9,0.1314289411367258
326,泉建男,12,0.07660123953763512
325,郝密,12,0.01579814512354427
327,玉玑子,8,0.49691360330608636
328,菊剑,4,0.5575546220653904
330,周伯通,5,4.5776607249952646
329,过三拳,12,0.14839876002767152
332,何铁手,13,2.101978102037494
331,石万嗔,1,0.8788595358636967
333,朴者和尚,4,0.042646216044331706
334,摘星子,4,0.32015339824456673
335,静慧,12,0.22104564566670482
337,大头鬼,10,0.326072435981242
336,穆念慈,5,1.4260226745175437
339,汪铁鹗,1,0.8907972431469344
338,王语嫣,4,6.385006365080404
340,明珠,7,0.8103513212353106
341,德鄂,9,0.06008323478259647
342,于管家,1,0.2545032405044978
344,吴良,12,0.2515102522058118
343,天松道人,8,0.17147296175487
345,路副将,7,0.05372598281190402
346,童兆和,9,1.3509550624476547
348,洪七公,5,4.505433153316794
347,莫声谷,12,1.7496023729073558
350,义生,13,0.0206438646605893
349,空闻,12,2.5295647267717993
353,武青婴,12,0.63633347039808
352,阎世章,9,0.5792451243085619
351,高升泰,4,0.7610830601016042
354,陈近南,7,4.517114858572312
355,梅念笙,3,0.11931811912288576
356,班淑娴,12,0.9111867473768748
357,平威,7,0.09894792819452744
358,窝阔台,5,0.5821035342633722
360,桃花仙,8,2.083804700865733
359,萧远山,4,0.41702252845765975
361,丧门鬼,10,0.05864119505721749
362,本观,4,0.38489142433299944
363,定逸,8,2.8331860671597697
364,孟健雄,9,2.2629516410142485
367,西奥图三世,7,0.02050273534929759
366,邓百川,4,2.6173746150803403
365,邵燕,12,0.03181959154213501
368,易国梓,8,0.19871630420248035
369,黄钟公,8,1.0006587206372768
370,梅超风,5,2.754287535768596
371,田伯光,8,3.4017113113509545
372,严妈妈,4,0.19373819682086152
373,灵虚,11,0.14948424691689527
374,宋远桥,12,3.3629766558827203
375,赫连铁树,4,0.2774264141624499
376,邓八公,8,0.19192264829950684
377,方有德,9,0.26683429188400787
378,胖商人,1,0.050188622714677125
379,狄修,8,0.14292972478273192
380,尼摩星,10,1.420348228655636
381,喀丝丽,9,0.5193285397386248
382,黄伯流,8,0.41839781692119693
383,黄甫,7,0.1544275303128287
384,周大奶奶,9,0.6720332496973709
385,大悲老人,11,0.19599680277595724
386,人厨子,5,0.08692303138184339
387,渔人,5,0.568935849216232
388,罗人杰,8,0.5741337517093908
389,温方义,13,0.9995351222624252
390,顾金标,9,1.5618387422200732
391,林震南,8,1.3674142902435773
392,慧方,4,0.5125258713209747
393,枯荣长老,4,0.005902931241058347
394,司徒横,11,0.11886891594705234
395,周圻,3,0.5134233705666805
396,熊元献,2,0.35235932047705865
397,红娘子,13,0.43945571455873994
398,左子穆,4,0.5537357840494075
399,郭芙,10,4.342365418757779
400,玉钟子,8,0.01640371093208796
401,吴道通,11,0.2858360537882074
402,袁夫人,14,0.16470022056934894
403,圆心,12,0.10584875985544603
404,周仲英,9,4.65824772716624
405,霍都,10,1.569817363282919
406,云岛主,4,0.0480277355930668
407,史秉光,13,0.14221703628250953
408,宁完我,13,0.17601674471221884
409,尹志平,5,2.4083595252646712
410,庄夫人,7,0.20031163032366778
411,谢逊,12,7.816018730713765
412,贾老者,4,0.07233461591717465
413,郑镖头,8,0.34489751589745876
414,司徒鹤,7,0.30898568960296524
415,胡老三,13,0.13866060519960244
416,净济,7,0.16579448801481578
417,陈玄风,5,0.6577368403855781
418,唐光雄,4,0.03005694790778421
419,木岛主,11,0.34936563076719757
420,樊纲,7,1.3086552582630346
421,温南扬,13,0.5239866905887552
422,夏雪宜,13,0.16313374742545939
423,童怀道,1,0.2505976705186155
424,鄂尔多,5,0.021338865762362907
425,汪啸风,3,0.6194019962847966
426,哈总管,12,0.10067543074408888
427,凯别兴,9,0.11579399707168525
428,崔秋山,13,1.4239674512867688
429,杨鹏举,13,0.6915749620817623
430,殷无禄,12,0.19833386238356304
431,鲍千灵,4,0.13959226922759685
432,林玉龙,14,0.7691527474734038
433,范遥,12,2.483759132324143
434,赵良栋,7,0.7362272963144423
435,呼音克,9,0.032990604102233236
436,祖千秋,8,1.8247230258818639
437,黄国柏,8,0.13742647215828377
438,陈禹,1,0.9688244970390916
439,何足道,10,1.5762408927756668
440,张康,13,0.4192243295240762
441,李大元,11,0.021542496172972644
442,西宝,8,0.2625653215214919
443,刚相,9,0.051526362317716304
444,杨光,11,0.1532089614365498
445,沙天江,8,0.09223965736277612
446,郑起云,13,0.6834158534345325
447,凌霜华,3,0.019946944036934335
448,于八,7,0.31582452127849925
449,出尘子,4,0.07148780752280624
450,马青雄,5,0.14189304660969843
451,殷无福,12,0.23562416590826632
452,易吉,1,0.21760887072976953
453,孙思克,7,0.6336877119208195
454,石破天,11,9.119959950632845
455,陈圆圆,7,1.3226445137901444
456,玉磬子,8,0.4259547312225241
457,卓天雄,14,0.8383189309574758
458,何三七,8,0.4248427421496625
459,段正明,4,0.33062299744069557
460,杜希孟,1,0.20100414801771357
461,杨康,5,2.9078731431476137
462,宗雄,1,0.21824084368230984
463,冯难敌,13,0.7405008005641487
464,胡夫人,12,0.13398172916836995
465,于嫂,8,0.5547130745614789
466,洞玄,13,0.8029712282524916
467,殷仲翔,1,1.0690608208013617
468,洪人雄,8,0.34883419592313103
469,风际中,7,2.307173478179724
470,智光大师,4,0.2932111026940575
471,宋善朋,9,0.5064178740590414
472,姬晓峰,1,0.4334435032276029
473,姜小铁,1,0.07761143947806474
474,杨夫人,12,0.16254141650734583
475,辛然,12,0.1475031652282811
476,罗立如,13,0.6786344014918432
477,狄镖头,8,0.023622382161790093
478,公孙止,10,1.3814874274019795
479,九死生,5,0.036217157206121287
480,曲洋,8,0.7623456858718873
481,藏边五丑,10,0.09489906336294428
482,常赫志,9,1.1530590941145595
483,无常鬼,9,0.2830047394826779
484,万震山,3,2.318075497473024
485,夏胄,12,0.24751096109965817
486,阿洪,4,0.042400656635809025
487,福康安,1,3.465960543362082
488,蒋调侯,1,0.0358308873546194
489,丁不四,11,2.395931176787187
490,枯木,5,0.1937686447186412
491,潘秀达,13,0.2216792992767771
492,林兴珠,7,0.8242617142618172
493,无崖子,4,0.5044767609805669
494,札木合,5,0.6735195077757022
495,吴大鹏,7,0.26665541845513535
496,本相,4,0.3747694447579301
497,王道,5,1.129091860857576
498,郭靖,5,20.528095964337933
499,王惟忠,10,0.07258673035347446
500,詹春,12,0.33349429138951414
501,方怡,7,3.485642738810243
502,赵一伤,12,0.17810331289523082
503,和尔大,9,0.20112886159073523
504,吕小妹,1,0.418857209269348
505,崔百泉,4,1.1211552446710777
506,黄蓉,5,17.829550444471
507,皇太极,13,0.7247218481545816
508,高明根,8,0.05528721533595522
509,沈德潜,9,0.045408272725070725
510,瓦尔拉齐,6,0.03270009796416429
511,五姑,12,0.33802892569580023
512,马家骏,6,0.11550847068942063
513,图尔布青,7,0.1210225196854185
514,都大锦,12,0.5719614318751802
515,周英杰,9,0.36042121293934787
516,关明梅,9,1.1448905613955342
517,崔志方,10,0.06959008335813448
518,苏冈,7,0.901157430967847
519,童大海,5,0.01742964861755174
520,上官虹,6,0.1734810559319447
521,假东方不败,8,0.011379165481994878
522,震山子,8,0.13356018062635705
523,贾老六,7,0.21920391218529384
524,木卓伦,9,1.5224476111616456
525,李廷豹,1,0.09774311226243747
526,达尔巴,10,0.9268371293887991
527,乌旺阿普,12,0.157266286564557
528,张淡月,7,0.2879645172508163
529,神山上人,4,0.36981243384612167
530,耶律晋,10,0.11302398770030993
531,于人豪,8,0.39048715860426203
532,吴三桂,7,8.872501474337827
533,胡青牛,12,1.6658028380520098
534,高克新,8,0.26859673766790454
535,李傀儡,4,0.32308658417592856
536,杨中慧,14,0.05198991612612113
537,冯同知,13,0.19284773611888076
538,苟读,4,0.1891598311711255
539,邵鹤,12,0.10654645073495662
540,白熊,8,0.28424919833274487
541,齐伯涛,1,0.10251029511972266
542,纪晓芙,12,2.105145434887487
543,刀白凤,4,0.7621363476627158
544,多尔衮,13,0.5737899646509678
545,行颠,7,0.49417891362767424
546,忽伦二虎,9,0.044942849279644204
547,齐元凯,7,0.059528622515006874
548,小王将军,10,0.048212194903278466
549,程坛主,12,0.0954476446781562
550,一灯大师,5,1.5932981959536803
551,平阿四,1,0.5684619081183655
552,王伯奋,8,0.30804417776024134
553,鲁有脚,5,1.1864072531676964
554,单叔山,4,0.05534910137309563
555,林朝英,10,0.26788516027765974
556,老王,9,0.28593932532179
557,封万里,11,0.7535770058633023
558,木高峰,8,1.398115256650984
559,大痴,9,0.2706208804567937
560,五符,7,0.012604743149106703
561,狄云,3,6.746227894036904
562,竹剑,4,0.34811684709349255
563,曲傻姑,5,0.01948512547947237
564,谭迪人,8,0.055342666636915804
565,黄二毛子,13,0.03421678866339265
566,胡德第,7,0.012166809980647578
567,周云阳,2,0.4521314985214411
568,巴天石,4,2.331518400987129
569,李岩,13,1.1049890681663226
570,萧半和,14,0.3683202282424408
571,宋德方,10,0.20576351828729345
572,王元霸,8,0.6911473444611651
573,司徒千钟,12,0.3829943216771132
574,常长风,14,0.26356393126390293
575,华伯斯基,7,0.2072274790523658
576,方生,8,0.855268401089123
577,温青,13,1.2360656418735965
578,水岱,3,0.6880490712379628
579,温方施,13,0.5468154112286219
580,任飞燕,14,0.7513443227200559
581,张全祥,4,0.054069274444204146
582,灭绝师太,12,3.2298206095881317
583,游坦之,4,2.896320028529005
584,宫九佳,12,0.22062498942619974
585,长青子,8,0.21143228489890534
586,胡桂南,13,1.3509025565962811
587,成不忧,8,0.3808392412030764
588,程青霜,4,0.044165050980096696
589,田归农,1,1.92381014326986
590,杜立德,7,0.053368804743919626
591,夏国相,7,0.5229247880436293
592,田青文,1,0.6821646095232722
593,刘竹庄,4,0.05464068655484974
594,丁勉,8,0.47837230971140543
595,陆菲青,9,5.204831110456119
596,张朝唐,13,0.8365408587518434
597,周孤桐,8,0.03834218329421153
598,闻万夫,11,0.31113021760262216
599,平一指,8,0.7414779749776902
600,文醉翁,1,0.1579071299727399
601,图海道,7,0.03394087963156459
602,罗大千,13,0.45156442588774276
603,卫璧,12,0.6660326593244327
604,汤若望,7,0.26936100551601216
605,蒋四根,9,1.936710070189637
606,史红石,12,0.26751216150815205
607,封不平,8,0.5713771975917458
608,李四摧,12,0.1954601292412659
609,桃实仙,8,1.7111994309634444
610,陈达海,6,1.0501143599692648
611,林永超,7,0.07376077464594416
612,龙德邻,13,0.21541206303246638
613,崔镖头,8,0.1857159722139855
614,阿尔尼,7,0.07159901749642464
615,齐心宝树王,12,0.023512296081157343
616,阿里,9,0.1582343574444672
617,朱安国,13,0.7868812801412649
618,谭青,4,0.09639704834596739
619,脚夫,8,0.42946646666369354
620,贝人龙,9,0.11221312508606263
621,过彦之,4,0.7538884971847851
622,桃叶仙,8,1.6831828507197575
623,黎刚,13,0.2965806714575311
624,鲜于通,12,0.3344290499117574
625,汤祖德,5,0.07514131292725672
626,哈合台,9,1.477973197305607
627,灵智上人,5,0.9058636535420079
628,程青竹,13,2.0292244740203618
629,周五输,12,0.05578832860644252
630,刘乘风,3,0.3331448264109597
631,呼巴音,7,0.1661488247097445
632,潇湘子,10,1.9636174713675754
633,元痛,9,0.11632404590889779
634,祁六三,4,0.012208948997560958
635,包不同,4,3.4472398381277634
636,农妇,13,0.17837324990695574
637,齐洛诺夫,7,0.22066150928759978
638,慕容景岳,1,0.8226974666867797
639,叶二娘,4,1.4637627045473987
640,解文豹,11,0.06655356317662238
641,彭参将,7,0.04024295373136594
642,常伯志,9,1.0452061460703037
643,玄苦,4,0.5361720591455985
644,丁敏君,12,1.208159018460234
645,桃根仙,8,2.483873550956363
646,马钰,5,2.53965200142803
647,张无忌,12,23.484218750782787
648,澄光,7,0.7451188502020203
649,觉月,8,0.214408213693715
650,阿二,12,0.5063354755555716
651,李可秀,9,1.8186735273489738
652,钟兆能,2,0.060419392264859914
653,赵敏,12,8.69120340029292
654,慧净,4,0.19449862659317935
655,李三,6,0.268508759607923
656,葛尔丹,7,1.1377755482577003
657,刘元鹤,2,0.586924622794868
658,温仪,13,0.6237863511763129
659,商宝震,1,1.8888751664616563
660,杨溢之,7,0.7769348397875405
661,赵钱孙,4,1.4792144121140038
662,关安基,7,1.0038056171733
663,王十三,10,0.02642014415544197
664,鹿杖客,12,1.4557741487110771
665,余兆兴,5,0.09732341045545964
666,项长老,4,0.00611231944808865
667,萧中慧,14,0.9472106196839104
668,朱子柳,10,1.4126181398859414
669,陶红英,7,0.5700858795687578
670,建宁公主,7,1.0202081616138956
671,薛慕华,4,0.9066990169998103
672,丁大全,10,0.11177090868481132
673,蒋涛,12,0.2828778753137656
674,吴平,13,0.2601803625327526
675,陆二娘,10,0.08163800056551876
676,向问天,8,3.3597154057203555
677,劳德诺,8,2.380664752450747
678,卢一峰,7,0.5082180422967787
679,陆大有,8,1.7000332481926461
680,石中玉,11,1.5089313472889494
681,林平之,8,5.760179205596849
682,虚竹,4,6.12843081885182
683,程瑶迦,5,0.7457357221028
684,鲁连荣,8,0.09860249572956736
685,冯不摧,13,0.41899779329785175
686,阿根,4,0.02864768314238712
687,钱正伦,9,0.4473576250785433
688,石骏,13,0.2509335535627784
689,逍遥子,14,0.3466358750760597
690,玉灵道人,8,0.4097958035090301
691,菊友,3,0.01328098289817386
692,吕文德,5,0.2235565678136274
693,富春,7,0.13445830742498668
694,大苦,9,0.5870707640580385
695,聂钺,1,0.16998649936993632
696,宋五,10,0.048242950336340754
697,傅思归,4,0.4683210336537325
698,赵齐贤,7,0.9025958594893627
699,说不得,12,3.1852763344603354
700,郑长老,12,0.2657728179161973
701,昌齐,7,0.060572309041532046
702,农夫,5,0.8555437370114071
703,黎夫人,4,0.04837346106822073
704,辉月使,12,0.43657693015572174
705,展飞,11,0.23475040070193018
706,觉远大师,12,0.38933108030377334
707,袁冠南,14,0.7206095552571439
708,对喀纳,7,0.02025819812848539
709,曹司朋,9,0.16551548692015208
710,无色,10,1.2669840092643914
711,花铁干,3,1.699023238957896
712,海兰弼,1,0.6474488929843352
713,张十五,5,0.09073914996028705
714,解风,8,0.18814182657731207
715,风良,11,0.623957940245761
716,车尔库,6,1.239969397795098
717,杨铁心,5,1.2243682156731595
718,云中鹤,4,1.713985110903503
719,幽草,4,0.1210729321042563
720,摩诃巴思,12,0.06337302674524682
721,韩春霖,9,0.19706856217944901
722,哑梢公,5,0.1258143034976347
723,周阿三,9,0.09112773261216607
724,阿碧,4,2.633823792662824
725,尹克西,10,1.5103373375159035
726,钱青健,5,0.1455552512227189
727,张妈,7,0.10116479487314992
728,单小山,4,0.04318316324623554
729,陈七,8,0.30372796518815853
730,裘千尺,10,1.2660453575302808
731,何红药,13,1.2077879472642987
732,蒙哥,5,0.1895883820885464
733,胡老爷,9,0.11461869517193127
734,瑞栋,7,0.5361046166794213
735,赤老温,5,0.2682214264182523
736,哑巴,13,3.0056771216473606
737,言伯乾,9,0.8613727145001872
738,妙风使,12,0.5419721747237652
739,南仁通,2,0.12655342792680307
740,吴国栋,9,0.5657933702277425
741,陶钧,8,0.16112622739388213
742,巴颜法师,7,0.0067535175429557235
743,张松溪,12,2.1783239208642393
744,王处一,5,2.204808631475284
745,王仲强,8,0.2532764135309177
746,刘一舟,7,1.3929869578769498
747,鸠摩智,4,3.579129124206565
748,司马林,4,0.487969453082423
749,苏习之,12,0.1908872345043495
750,陈友谅,12,1.952082927783
751,祝镖头,12,0.08464718899866605
752,钟灵,4,2.8496214199906476
753,俞岱岩,12,2.3282374429492645
754,皇太后,7,1.1379038785434508
755,耶律洪基,4,0.33490581108510475
756,百草仙,5,0.1263314618552531
757,史仲猛,10,0.17697339966990508
758,吴坎,3,1.2123501701692063
759,任盈盈,8,0.07157723788402504
760,严三星,8,0.37149670799267265
761,倪浩,13,0.6921087711954734
762,鹤笔翁,12,1.0720084774679455
763,易堂主,8,0.027884068173677785
764,木文察,1,0.06779969926875498
765,陈高波,1,0.10251029511972264
766,元义方,7,0.27580894216034185
767,周威信,14,0.49304682794925375
769,丁典,3,1.533348304166904
768,祁志诚,5,0.20614286500473633
770,丁不三,11,1.29231969387995
771,陆乘风,5,0.6058303697373468
772,王诚,8,0.0933007176722549
773,西灵道人,1,0.052550982289175104
774,何惕守,13,1.5359482167594396
775,李萍,5,0.4372995740272466
776,上官铁生,1,0.1896978618634415
777,澄通,7,0.2755736864070279
778,杨景亭,7,0.029529392394120318
779,全冠清,4,1.0272155308263442
780,柔儿,10,0.09033284794478422
782,杨不悔,12,2.1409410652549545
781,尤得胜,11,0.15252123584739127
783,徐长老,4,1.2267434482959958
784,黑白子,8,1.4703853548229922
785,夏老拳师,8,0.044262942489766095
786,武铭,9,0.19357993790500197
787,简捷,12,0.7778705228904433
788,王志坦,5,0.31518301523102393
789,小菊,13,0.08919588011396443
790,曹猛,1,0.03523868309355987
793,余人彦,8,0.16130320451493743
792,小昭,12,2.213723718533822
791,阎世魁,9,0.18225754867854047
794,马敬侠,9,0.20161834355124178
795,安奉日,11,0.2964455726570211
796,吴六破,12,0.08320252828390969
798,冯阿三,4,0.3713738112376009
797,马超兴,7,0.8941185866256655
799,讨债鬼,10,0.016791165087925587
800,左冷禅,8,3.9357539503196906
801,冯坦,3,0.36925905540710147
803,武修文,10,1.2822609785604728
802,云素梅,7,0.013423966915001573
804,吴祯,12,0.21261066602852888
805,波罗星,4,0.57808563742829
806,贾布,8,0.35981493891483096
807,沐剑声,7,1.4817083593834135
808,张康年,7,1.0449670849116708
809,梅剑,4,0.5825555668718474
810,白自在,11,1.274487090308582
811,柯镇恶,5,3.601332530855899
812,胡逸之,7,0.34369109590424235
814,忽都虎,5,0.024544732757079357
813,茅十八,7,2.1041566935279437
817,康广陵,4,0.8088936868537966
816,丁游,13,0.13769258528676093
815,阿胜,4,0.07807158626192937
820,游迅,8,0.6122853472624321
819,岳不群,8,8.495965401363604
818,英颚,8,0.05447253028931857
821,净清,7,0.14032263781359108
822,天鸣方丈,10,0.06285909979412359
823,鱼贩头子,3,0.033355473357532826
824,闻苍松,12,0.12205971253215539
825,焦文期,9,0.4905420882581663
827,小棒头,5,0.03653149562986
826,黄宗羲,7,0.2688139649686408
828,梁长老,5,0.25772983279702844
829,阿曼,6,1.7984231670053863
830,万庆澜,9,0.6879250180357771
831,德布,9,0.21552890702340669
832,谭婆,4,1.165637104021827
833,麦少帮主,12,0.1273695452919848
834,温方悟,13,0.6743813473103596
836,殷野王,12,1.1477557999062267
835,静虚师太,12,0.1806493552461385
837,空见,12,1.495957927372281
839,温正,13,0.5337013723948855
838,洪朝,7,0.3828605160525051
840,静智大师,2,0.009458793558055173
841,桑土公,4,0.4919597251976109
843,仇松年,8,0.5576588312111622
842,安健刚,9,1.406029037386978
844,费彬,8,0.841659763380543
845,忽必烈,10,0.9061076381394287
847,简长老,5,0.3974329808991584
846,谭文理,13,0.1110323716018979
850,桃枝仙,8,2.2877923194775884
849,空心菜,3,0.6397318922148592
848,阿济赤,7,0.1748986801005747
851,俏鬼,10,0.05966025293620807
852,裘千仞,5,1.8242106455641118
853,玉音子,8,0.4548982801629635
854,天乙道人,8,0.04404411123850332
855,洪凌波,10,0.4747739514180852
856,容子矩,4,0.042061048058898015
857,吴天德,8,0.06587558117311063
859,卜垣,3,0.6909938683783411
858,郝大通,5,1.4011735857032732
860,大汉,7,6.292282936443746
861,圆音,12,0.3650126453985323
862,小桂子,7,2.6919927972095397
866,殷无寿,12,0.17645424004303864
865,史松,7,0.2331201929216026
864,耿万钟,11,1.0030182184314413
863,霍阿伊,9,0.4392657615109762
868,华筝,5,1.3759030772028433
867,申志凡,10,0.08538910296150842
871,孙三毁,12,0.20609263320536758
870,阿朱,4,5.500379096677634
869,高老者,12,0.3923736169825586
872,瑞大林,9,1.1516377993000215
874,方天劳,10,0.11807300198172069
873,花万紫,11,0.790750615480541
877,柳大洪,7,1.360890845842827
876,刘处玄,5,0.7776154633224255
875,黎生,5,0.31366646392873926
878,耶律重元,4,0.041835431125837604
879,闵柔,11,3.213964494076409
880,段正淳,4,5.082361688118778
883,秦红棉,4,1.2984344335857938
882,荣彩,13,0.6019299184191741
881,马佑,7,0.2568424850794087
886,张飞雄,1,0.09243186151287004
885,姜文,5,0.03321076332954511
884,胡青羊,12,0.03723554506780148
887,慕容博,4,0.6354562751943915
888,单铁生,13,0.5722472388444965
889,胖子,5,2.246172457496133
890,方东白,12,0.16619513463695795
891,欧阳牧之,12,0.08531787664309591
892,陆无双,10,1.9949939861862338
893,穆人清,13,1.6019034417123235
895,桑昆,5,0.7818552812382272
894,瘦商人,1,0.04316477287665474
896,温有道,7,0.20707536831780005
897,吕正平,11,0.6821461413266732
898,天门道人,8,1.298157934869899
899,水鉴,13,0.1479777891784469
900,郁光标,4,0.2858320302385591
901,祁天彪,12,0.2743381319595318
902,陆伯,9,0.1621657456862731
903,黄希节,1,0.16653534698651962
904,马公子,13,0.08719157872148227
906,汉子,8,13.884680703911808
905,耶律莫哥,4,0.019288999729750254
907,庄允城,7,0.11489155877399937
908,李秋水,4,0.6200173180695949
909,阿三,12,0.7206268573348068
911,卫春华,9,4.690486688861907
910,于万亭,9,0.40823476341669823
913,胡一刀,1,1.3861355587553477
912,黄真,13,1.8411871577843226
914,马博仁,7,0.29747021645711447
915,平四,1,0.24537832059989517
916,周芷若,12,6.594851250775426
917,阳顶天,12,0.5428742709063138
918,周牧,11,0.28378429912786923
919,万圭,3,2.2261926049661778
921,澄心,7,0.38951676526469514
920,马夫人,4,1.6078022379147336
922,史仲俊,6,0.1953153369061581
923,徐铮,1,2.129640179722672
924,李四,11,1.4845733156477225
925,掌棒龙头,12,0.66474625374956
926,霍元龙,6,0.31485933904451163
927,朱九真,12,0.773501729641118
928,马善均,9,0.7079052188405422
929,柯万钧,11,0.4522377808808125
931,桃红,3,0.2736573295019754
930,太皇太后,7,0.1113731232574122
932,雷一啸,7,0.1791474011889926
933,王万仞,11,0.6374814641807014
934,朱长龄,12,0.7767528361839311
935,罕贴摩,7,0.34817922274379104
936,易师爷,8,0.25314080458697946
937,海大富,7,0.026869803581692536
939,中年武师,1,0.10984415988834872
938,姚春,7,0.3381721213356568
940,诸保昆,4,0.3769117855617704
941,张勇,7,0.8149617275188512
942,桑拉巴,9,0.1131716439674032
943,吴之荣,7,1.1744692153092047
945,萨多,5,0.053703991992520544
944,阿九,13,1.5411301764093213
946,王家驹,8,0.22080377707248403
947,静照,12,0.09562878269851297
948,阮星竹,4,1.362104379730155
949,归二娘,13,2.13530976887368
950,黄面道人,11,0.023763447796517664
951,高里津,7,0.20191732178163369
952,安大娘,13,1.1051012449283626
953,鲍承先,13,0.16117601700771067
954,桑斯,6,0.35707961326160875
955,石双英,9,1.7091190405158987
957,双儿,7,4.767924812517779
956,冯振武,11,0.14288093926593118
958,蔡德忠,7,0.13475043227669764
960,王家骏,8,0.1488310714907712
959,谭公,4,1.1036536256598888
961,戚芳,3,2.4933156951376296
962,上官毅山,9,0.25261474385257937
964,宝象和尚,3,0.013270530511504128
963,范文程,13,0.15365557229066493
965,施戴子,8,0.5863711154317568
967,易三娘,12,0.2549883530842878
966,令狐冲,8,23.93716042067447
969,梁发,8,0.4151818839807826
968,鳌拜,7,2.6972551238545655
970,彭莹玉,12,2.0848314104099885
971,范帮主,1,0.4307036416481751
972,武三通,10,1.3781326029685614
974,吕毅中,7,0.03346421291514005
973,苏菲亚,7,0.9937134246320313
975,静空,12,0.04216974793638871
976,龙骏,9,0.22857212560720572
978,杨逍,12,6.548372835643773
977,彼得,7,0.5464517411135823
979,平等宝树王,12,0.0829321380606177
982,乾隆皇帝,1,0.24947520165319773
981,仪琳,8,4.641933624064758
980,童百熊,8,0.4164428459640212
983,术赤,5,0.5164576799483099
984,章老三,7,0.21347382594643544
985,彭三春,9,0.3564806267831893
986,奚长老,4,0.2045934547655667
987,天山童姥,4,0.6159740683663422
988,王维扬,9,1.2493540825844272
989,钟兆英,2,0.12602259885585695
992,桑飞虹,1,0.4731471682061975
991,张若谷,13,0.15656581838723338
990,端木元,4,0.030164612175105743
994,老李,13,0.04990440539752227
993,蓝凤凰,8,0.5768947820490814
996,侯飞文,13,0.19247957135248606
995,王武通,7,0.43842233682351317
997,裘千丈,5,0.22573691855609854
999,梅文馨,11,0.15873269381196065
998,钟兆文,1,0.1610612226507346
1000,少妇,9,1.4184794100561657
1002,温有方,7,0.273232603939124
1001,史伯威,10,0.1839733553161637
1003,覃天丞,9,0.2761032320443079
1004,邓愈,12,0.4410703382243047
1005,戚长发,3,0.815720328481065
1006,褚万里,4,0.9415377686107433
1007,元澄道人,11,0.13495210350801426
1008,许雪亭,7,0.36045994101834733
1010,石清,11,5.134033817662592
1009,闻先生,8,0.3267744329415324
1011,杨宾,1,0.2019797437167276
1013,成自学,11,0.6496050174166785
1012,卫四娘,12,0.23370529134235377
1014,庄铮,12,0.07917113936884065
1016,归辛树,13,2.3376532395537297
1015,青灵子,10,0.04041359556559167
1017,向大年,8,0.2758285028868434
1018,曲非烟,8,0.5616013794333639
1020,老吴,7,0.18593704932773286
1019,金轮法王,10,2.610859146792636
1021,菊芳,7,0.02682768315994077
1022,张总管,1,0.044533648207092214
1024,本参,4,0.3788059713614671
1023,苏荃,7,1.0566204199385294
1025,包惜弱,5,0.5665423728460047
1026,葛通,7,0.05379129105118443
1027,袁紫衣,1,2.0726266228419052
1028,司徒伯雷,7,0.4236070815351217
1029,殷素素,12,2.9262864392293944
1030,宋天保,9,0.35736630487890564
1031,洪安通,7,0.0806606885263327
1032,万里风,13,0.21627155848392782
1033,瑞芳,9,0.04037885229541928
1034,孙老三,9,0.13837841644650825
1035,申人俊,8,0.12696153662133972
1037,彭连虎,5,2.141537313321655
1036,圆真,12,2.059940232919376
1038,樵子,5,0.5714360248306959
1039,李力世,7,1.6982161374526823
1040,马法通,12,0.1438178707166661
1042,蛇皮张,1,0.033529021223473156
1041,都史,5,0.4879324945479992
1043,崔希敏,13,1.5208146960030429
1044,空智,12,2.7705777308753
1045,铁匠,10,0.5137818904142389
1046,陆冠英,5,1.2587400641997786
1047,戴永明,9,0.21872665015284923
1048,归钟,7,1.1119389850417842
1050,巴泰,13,0.38247476034856476
1049,石清露,4,0.1830765642171073
1051,相国夫人,1,0.09959315357506719
1052,不戒和尚,8,1.0599701512251265
1053,张信,13,0.12975797865627461
1054,张翠山,12,5.353730078239229
1055,史火龙,12,0.8851938402926154
1057,无尘道人,9,0.6102643644489778
1056,者勒米,5,0.11767425134779984
1059,袁士霄,9,1.1577244132300095
1058,黄药师,5,5.542641995734141
1062,杜百当,12,0.17485381315624884
1061,小凤,12,0.09863243153365583
1060,韦春花,7,0.006706920789985193
1063,邓炳春,7,0.059122182081711744
1064,教士,7,0.3664578131351763
1065,郭玉堂,1,0.34429840584956456
1066,慕容复,4,6.445165285506383
1068,曹云奇,2,1.3164078248241324
1067,钟万仇,4,1.6401898904087047
1069,马光佐,10,0.640680072770089
1070,上官云,8,1.1274117233115613
1072,徐天川,7,3.636553645056514
1071,若克琳,7,0.12012716734231682
1073,王保保,12,0.4325695291262732
1074,黄须人,13,0.06348283046854805
1075,王师兄,1,0.09318305637768357
1076,老头子,8,2.6515112764722497
1077,冯不破,13,0.3663844989972688
1079,凤一鸣,1,0.10961298732923823
1078,胖丐,5,0.09408125477309169
1080,察合台,5,0.46940882498652203
1081,褚圆,9,0.2721770782852284
1082,岳老三,4,0.3011482413964339
1084,金花婆婆,12,2.1336454329263406
1083,陶子安,1,0.7393667412164617
1085,桃干仙,8,2.1156565006038486
1087,王剑英,1,1.8883872835889786
1086,齐云,13,0.4492220357961732
1088,吴长风,4,0.1506632538844876
1089,杨成协,9,2.5751214309080526
1090,盖一鸣,14,0.46678993007346264
1091,周隆,1,0.047933529768646295
1092,鲍大楚,8,0.5748666689043886
1093,陈孤雁,4,0.048688769935754404
1094,清风,4,0.7216596859487249
1095,岳灵珊,8,5.471515749630129
1096,倪不大,1,0.2808873387754473
1097,完颜洪熙,5,0.33623282934765514
1098,佟国纲,7,0.35891605097524665
1099,秦栋,13,0.022139779686345968
1100,刘鹤真,1,0.6079223552492984
1101,钱二败,12,0.1839489988908083
1102,无相禅师,10,0.10796609327624894
1103,丁坚,8,0.3714156178708814
1104,王罕,5,0.7008009450318198
1105,瘦头陀,7,1.022290842764294
1106,澄观,7,0.8796213482112192
1109,平夫人,8,0.06512056155063413
1108,吊死鬼,10,0.2208581560709195
1107,吴立身,7,1.7008971829658166
1111,杜长老,8,0.08223221828411792
1110,华赫艮,4,0.7923417536013669
1112,守备,7,0.32732928062989897
1114,何太冲,12,1.9630313600589286
1113,余鱼同,9,5.511616272528789
1115,韩宝驹,5,1.9638855063302778
1117,杨过,10,18.502570041863855
1116,慧真,4,0.2538881818553992
1118,沙广天,13,0.029463507527808623
1119,张夫人,8,0.5763338250882786
1120,耶律燕,10,0.38996819886891765
1121,司马大,8,0.2206675875897345
1123,催命鬼,10,0.048012505757722056
1122,田见秀,13,0.1744746105033359
1124,云鹤,12,0.26512124116344493
1125,兆惠,9,1.2099556426865925
1126,孙均,3,0.4765643881753226
1127,季长老,12,0.15395769949773003
1128,梁自进,11,0.5082473586932518
1130,吕七,13,0.8588057633543498
1129,孟师叔,4,0.0130644985689475
1131,流云使,12,0.45600121294572166
1132,敖彪,7,0.6291666907979848
1134,姚伯当,4,0.26111468062094184
1133,钱老本,7,1.6371618510686239
1135,张志光,10,0.07571182621872534
1136,建除,8,0.10549763903991075
1138,单正,4,0.7100987249343191
1137,韩千叶,12,0.12198034353489677
1139,马喇,7,0.084980560928686
1140,尉迟连,1,0.1705024079894831
1141,殷天正,12,2.717216187253593
1142,赛总管,1,0.3830971551661055
1143,平婆婆,4,0.31255108147074656
1144,刘芳亮,13,0.279977662078381
1145,安提督,1,0.8608702820381167
1146,苗人凤,1,3.116297565694837
1148,焦木和尚,5,0.08956135766102369
1147,风波恶,4,2.123372283702046
1149,计无施,8,1.1087277260166162
1150,盖运聪,5,0.033210763329545104
1151,武烈,12,0.5405235190502276
1155,游驹,4,0.16484714939193554
1154,大智禅师,1,0.3432924423720003
1153,玄难,4,2.759667246422953
1152,陈冲之,11,0.47920287612821516
1157,风清扬,8,0.8499109791476769
1156,黄眉和尚,4,0.006043541325122414
1158,吴领军,4,0.28639649613572354
1159,老不死,8,0.37037020450658914
1160,郑克爽,7,2.775804278788045
1161,朱祖荫,9,0.34097794472056137
1163,无青子,1,0.4162144769367312
1162,胖妇人,5,0.056916580153255666
1164,沙老大,13,0.26503572645802687
1165,宋长老,4,0.4448684911999068
1167,卫天望,10,0.12205539971958726
1166,孙伏虎,1,0.23841082729602248
1170,洪胜海,13,2.5983489066789676
1169,南希仁,5,1.2754709322475974
1168,刘正风,8,2.2193930808525693
1171,陈歪嘴,8,0.04410683571574947
1176,史季强,10,0.27732996836476254
1175,刘敖,12,0.03195590740123802
1174,玉林,7,0.729588564992819
1173,罗信,9,0.09192838218729443
1172,钱通四,13,0.27143625797566473
1177,梦姑,4,0.17082063290506552
1178,矮老者,12,0.3439833757661728
1179,高则成,12,0.2988100734748269
1180,晦聪禅师,7,0.08772900275961365
1183,游骥,4,0.18936965208113457
1182,吴青烈,5,0.10463914389568724
1181,韦一笑,12,3.7339422740050634
1184,张阿生,5,0.9314023494234606
1185,秃笔翁,8,1.0272220352971158
1186,蔡威,1,0.2871681712953884
1188,殷离,12,1.552886199255667
1187,常遇春,12,1.6121323857240457
1189,元广波,12,0.1006020004843437
1190,闵子华,13,1.5901442783752764
1191,曾铁鸥,1,0.6853910642186513
1192,段天德,5,0.57374717625677
1193,冯锡范,7,1.7090344561441442
1194,俞朝奉,1,0.02675447891423037
1196,教长,8,0.4743760972924465
1195,马春花,1,3.0962634473125648
1197,曹能,9,0.1952605928543443
1199,缘根,4,0.1160852453559688
1198,车夫,7,1.1764906990401216
1200,公孙绿萼,10,0.32985564552242913
1201,孙不二,5,1.193006450732625
1204,李志常,5,0.47616654866941827
1203,凌退思,3,0.22461789375609106
1202,马行空,1,1.7321976695943653
1205,欧阳克,5,2.624402546876621
1206,郑光芝,11,0.0380678069756875
1207,姜师叔,4,0.03208637401383931
1208,玉真子,13,0.8385812184135787
1209,耶律涅鲁古,4,0.041835431125837604
1211,刘宗敏,13,0.38491372670275453
1210,察罕特穆尔,12,0.13699576446492676
1214,温仁厚,11,0.039788963963262376
1213,张安官,9,0.05639957198400664
1212,小玲,12,0.03208806338251713
1215,余婆婆,4,0.08162050873983245
1216,曾柔,7,1.222365538210687
1217,仪和,8,2.1121544241943395
1218,圆业,12,0.2697940593654362
1221,王二叔,8,0.03348587355886748
1220,王剑杰,1,1.0580476165459183
1219,英白罗,8,0.19425794870459198
1222,张召重,9,5.041383674380634
1223,王潭,7,0.12692130195271414
1225,慕天颜,7,0.36390418731043694
1224,刘菁,8,0.016644532547470812
1227,宝树,1,1.1720578427609656
1226,王掌柜,1,0.04806258620918996
1228,阎基,1,0.7873895951026261
1230,史叔刚,10,0.19278768934183982
1229,乔峰,4,5.412336783884252
1233,曾图南,9,0.5118764069979758
1232,季镖头,8,0.16878128550192462
1231,皇甫阁,7,0.3602755663690799
1234,李莫愁,10,4.005276648721713
1235,汤沛,1,1.3766824006348832
1236,韩林儿,12,0.8117470596783208
1237,唐洋,12,0.05444019820957283
1238,唐文亮,12,0.3984881131159146
1239,胖头陀,7,2.0711702219257346
1240,完颜萍,10,0.8159047127211568
1241,觉远,10,0.8214360094302463
1242,苏普,6,2.195227545781215
1243,李沅芷,9,3.8239103710215008
1244,吴劲草,12,0.29514136873311725
1245,文泰来,9,7.0885251262959805
1246,陶百岁,1,0.623561868316874
1247,水笙,3,2.5441283277035196
1249,乔寨主,5,0.03375557212012991
1248,秦老五,12,0.047800412976136505
1251,凤七,1,0.047528063818921856
1250,齐堂主,8,0.027884068173677785
1252,木华黎,5,0.4213795584039276
1253,来福儿,4,0.060256383069378756
1254,许卓诚,4,0.012306941392678628
1255,明月,12,0.8631629199198273
1256,拖雷,5,1.7810313231867925
1257,段誉,4,16.47838861042215
1259,吕留良,7,0.46106475137479375
1258,孙仲寿,13,1.355823539663864
1260,木婉清,4,3.9326909742489464
1261,马五德,4,0.13821337761561983
1262,朱丹臣,4,2.4941986385234816
1263,孙万年,11,0.0806701741241489
1264,米横野,11,0.21988127229258567
1265,陈大方,10,0.07971140567167631
1266,室里,4,0.3416256689256349
1268,林远图,8,0.25641581469778335
1267,张三丰,12,4.8465261462523905
1269,安小慧,13,1.034984553379083
1270,王难姑,12,0.4059628722467385
1272,心溪,7,0.18707295593455114
1271,高三娘子,11,0.8116617117248259
1273,忽伦四虎,9,0.05496694626694374
1275,无尘道长,9,0.5674957179182585
1274,莫大,8,2.4271220531750535
1276,玄慈,4,1.6931459362347085
1277,祁清彪,7,0.38164317531756436
1278,王铁匠,1,0.14768269460398498
1279,冲虚道长,8,1.2009617061339186
1281,丑脸汉子,11,0.04721361941202823
1280,铁木真,5,1.250803787325858
1282,董开山,13,0.3187078178403545
